"CMDP72019GEN002336I","M000000000041H"
"CMDP22019AUT000039I","M000000000041H"
"CMDP22019AUT000040I","M000000000041H"
"CMDP22019AUT000041I","M000000000041H"
"CMDP22019AUT000047I","M000000000041H"
"CMDP22019AUT000056I","M000000000041H"
"CMDP22019AUT000088I","M000000000041H"
"CMDP22019AUT000090I","M000000000041H"
"CMDP22019AUT000123I","M000000000041H"
"CMDP22019AUT000124I","M000000000041H"
"CMDP22019AUT000003I","M000000000041H"
"CMDP22019AUT000005I","M000000000041H"
"CMDP22019AUT000009I","M000000000041H"
"CMDP22019AUT000012I","M000000000041H"
"CMDP22019AUT000016I","M000000000041H"
"CMDP22019AUT000017I","M000000000041H"
"CMDP22019AUT000018I","M000000000041H"
"CMDP22019AUT000020I","M000000000041H"
"CMDP22019AUT000023I","M000000000041H"
"CMDP22019AUT000027I","M000000000041H"
"CMDP22019AUT000028I","M000000000041H"
"CMDP22019AUT000033I","M000000000041H"
"CMDP22019AUT000036I","M000000000041H"
"CMDP22019AUT000334I","M000000000041H"
"CMDP22019AUT000335I","M000000000041H"
"CMDP22019AUT000336I","M000000000041H"
"CMDP22019AUT000337I","M000000000041H"
"CMDP22019AUT000338I","M000000000041H"
"CMDP22019AUT000339I","M000000000041H"
"CMDP22019AUT000340I","M000000000041H"
"CMDP22019AUT000341I","M000000000041H"
"CMDP22019AUT000342I","M000000000041H"
"CMDP22019AUT000343I","M000000000041H"
"CMDP22019AUT000344I","M000000000041H"
"CMDP22019AUT000345I","M000000000041H"
"CMDP22019AUT000346I","M000000000041H"
"CMDP22019AUT000347I","M000000000041H"
"CMDP22019AUT000348I","M000000000041H"
"CMDP22019AUT000349I","M000000000041H"
"CMDP22019AUT000350I","M000000000041H"
"CMDP22019AUT000351I","M000000000041H"
"CMDP22019AUT000352I","M000000000041H"
"CMDP22019AUT000353I","M000000000041H"
"CMDP22019AUT000354I","M000000000041H"
"CMDP22019AUT000356I","M000000000041H"
"CMDP22019AUT000357I","M000000000041H"
"CMDP22019AUT000360I","M000000000041H"
"CMDP22019AUT000361I","M000000000041H"
"CMDP22019AUT000362I","M000000000041H"
"CMDP22019AUT000364I","M000000000041H"
"CMDP22019AUT000370I","M000000000041H"
"CMDP22019AUT000372I","M000000000041H"
"CMDP22019AUT000374I","M000000000041H"
"CMDP22019AUT000375I","M000000000041H"
"CMDP22019AUT000376I","M000000000041H"
"CMDP22019AUT000377I","M000000000041H"
"CMDP22019AUT000378I","M000000000041H"
"CMDP22019AUT000379I","M000000000041H"
"CMDP22019AUT000380I","M000000000041H"
"CMDP22019AUT000381I","M000000000041H"
"CMDP22019AUT000382I","M000000000041H"
"CMDP22019AUT000383I","M000000000041H"
"CMDP22019AUT000384I","M000000000041H"
"CMDP22019AUT000385I","M000000000041H"
"CMDP22019AUT000386I","M000000000041H"
"CMDP22019AUT000389I","M000000000041H"
"CMDP22019AUT000394I","M000000000041H"
"CMDP22019AUT000396I","M000000000041H"
"CMDP22019AUT000398I","M000000000041H"
"CMDP22019AUT000399I","M000000000041H"
"CMDP22019AUT000134I","M000000000041H"
"CMDP22019AUT000135I","M000000000041H"
"CMDP22019AUT000136I","M000000000041H"
"CMDP22019AUT000137I","M000000000041H"
"CMDP22019AUT000138I","M000000000041H"
"CMDP22019AUT000140I","M000000000041H"
"CMDP22019AUT000141I","M000000000041H"
"CMDP22019AUT000143I","M000000000041H"
"CMDP22019AUT000144I","M000000000041H"
"CMDP22019AUT000146I","M000000000041H"
"CMDP22019AUT000147I","M000000000041H"
"CMDP22019AUT000150I","M000000000041H"
"CMDP22019AUT000151I","M000000000041H"
"CMDP22019AUT000152I","M000000000041H"
"CMDP22019AUT000153I","M000000000041H"
"CMDP22019AUT000154I","M000000000041H"
"CMDP22019AUT000155I","M000000000041H"
"CMDP22019AUT000156I","M000000000041H"
"CMDP22019AUT000157I","M000000000041H"
"CMDP22019AUT000158I","M000000000041H"
"CMDP22019AUT000162I","M000000000041H"
"CMDP22019AUT000164I","M000000000041H"
"CMDP22019AUT000167I","M000000000041H"
"CMDP22019AUT000168I","M000000000041H"
"CMDP22019AUT000169I","M000000000041H"
"CMDP22019AUT000170I","M000000000041H"
"CMDP22019AUT000172I","M000000000041H"
"CMDP22019AUT000174I","M000000000041H"
"CMDP22019AUT000176I","M000000000041H"
"CMDP22019AUT000177I","M000000000041H"
"CMDP22019AUT000178I","M000000000041H"
"CMDP22019AUT000180I","M000000000041H"
"CMDP22019AUT000183I","M000000000041H"
"CMDP22019AUT000184I","M000000000041H"
"CMDP22019AUT000185I","M000000000041H"
"CMDP22019AUT000187I","M000000000041H"
"CMDP22019AUT000188I","M000000000041H"
"CMDP22019AUT000189I","M000000000041H"
"CMDP22019AUT000190I","M000000000041H"
"CMDP22019AUT000191I","M000000000041H"
"CMDP22019AUT000192I","M000000000041H"
"CMDP22019AUT000193I","M000000000041H"
"CMDP22019AUT000194I","M000000000041H"
"CMDP22019AUT000195I","M000000000041H"
"CMDP22019AUT000196I","M000000000041H"
"CMDP22019AUT000198I","M000000000041H"
"CMDP22019AUT000199I","M000000000041H"
"CMDP22019AUT000200I","M000000000041H"
"CMDP22019AUT000201I","M000000000041H"
"CMDP22019AUT000202I","M000000000041H"
"CMDP22019AUT000203I","M000000000041H"
"CMDP22019AUT000205I","M000000000041H"
"CMDP22019AUT000206I","M000000000041H"
"CMDP22019AUT000208I","M000000000041H"
"CMDP22019AUT000212I","M000000000041H"
"CMDP22019AUT000216I","M000000000041H"
"CMDP22019AUT000217I","M000000000041H"
"CMDP22019AUT000218I","M000000000041H"
"CMDP22019AUT000220I","M000000000041H"
"CMDP22019AUT000221I","M000000000041H"
"CMDP22019AUT000224I","M000000000041H"
"CMDP22019AUT000226I","M000000000041H"
"CMDP22019AUT000227I","M000000000041H"
"CMDP22019AUT000228I","M000000000041H"
"CMDP22019AUT000229I","M000000000041H"
"CMDP22019AUT000230I","M000000000041H"
"CMDP22019AUT000232I","M000000000041H"
"CMDP22019AUT000234I","M000000000041H"
"CMDP22019AUT000235I","M000000000041H"
"CMDP22019AUT000236I","M000000000041H"
"CMDP22019AUT000239I","M000000000041H"
"CMDP22019AUT000240I","M000000000041H"
"CMDP22019AUT000242I","M000000000041H"
"CMDP22019AUT000245I","M000000000041H"
"CMDP22019AUT000246I","M000000000041H"
"CMDP22019AUT000248I","M000000000041H"
"CMDP22019AUT000249I","M000000000041H"
"CMDP22019AUT000251I","M000000000041H"
"CMDP22019AUT000252I","M000000000041H"
"CMDP22019AUT000253I","M000000000041H"
"CMDP22019AUT000254I","M000000000041H"
"CMDP22019AUT000255I","M000000000041H"
"CMDP22019AUT000256I","M000000000041H"
"CMDP22019AUT000257I","M000000000041H"
"CMDP22019AUT000259I","M000000000041H"
"CMDP22019AUT000260I","M000000000041H"
"CMDP22019AUT000261I","M000000000041H"
"CMDP22019AUT000264I","M000000000041H"
"CMDP22019AUT000265I","M000000000041H"
"CMDP22019AUT000266I","M000000000041H"
"CMDP22019AUT000267I","M000000000041H"
"CMDP22019AUT000269I","M000000000041H"
"CMDP22019AUT000270I","M000000000041H"
"CMDP22019AUT000272I","M000000000041H"
"CMDP22019AUT000273I","M000000000041H"
"CMDP22019AUT000276I","M000000000041H"
"CMDP22019AUT000278I","M000000000041H"
"CMDP22019AUT000280I","M000000000041H"
"CMDP22019AUT000281I","M000000000041H"
"CMDP22019AUT000287I","M000000000041H"
"CMDP22019AUT000288I","M000000000041H"
"CMDP22019AUT000291I","M000000000041H"
"CMDP22019AUT000294I","M000000000041H"
"CMDP22019AUT000295I","M000000000041H"
"CMDP22019AUT000297I","M000000000041H"
"CMDP22019AUT000298I","M000000000041H"
"CMDP22019AUT000301I","M000000000041H"
"CMDP22019AUT000308I","M000000000041H"
"CMDP22019AUT000312I","M000000000041H"
"CMDP22019AUT000329I","M000000000041H"
"CMDP22019AUT000330I","M000000000041H"
"CMDP22019AUT000331I","M000000000041H"
"CMDP22019AUT000332I","M000000000041H"
